Country Name,Country Code,"Taux de change officiel (unités de devises locales par $ US, moyenne pour la période)"
Aruba,ABW,"1,79"
,AFE,
Afghanistan,AFG,
,AFW,
Angola,AGO,"631,4419555"
Albanie,ALB,"103,52"
Andorre,AND,"0,8453765644"
Le monde arabe,ARB,
Émirats arabes unis,ARE,"3,6725"
Argentine,ARG,"94,99074167"
Arménie,ARM,"503,769675"
Samoa américaines,ASM,
Antigua-et-Barbuda,ATG,"2,7"
Australie,AUS,"1,33122426"
Autriche,AUT,
Azerbaïdjan,AZE,"1,7"
Burundi,BDI,"1975,950881"
Belgique,BEL,
Bénin,BEN,"554,6077989"
Burkina Faso,BFA,"554,530675"
Bangladesh,BGD,"85,08376325"
Bulgarie,BGR,"1,653775"
Bahreïn,BHR,"0,376"
Bahamas,BHS,1
Bosnie-Herzégovine,BIH,"1,653606154"
Bélarus,BLR,"2,538675"
Belize,BLZ,2
Bermudes,BMU,1
Bolivie,BOL,"6,91"
Brésil,BRA,"5,39440079"
Barbade,BRB,2
Brunéi Darussalam,BRN,"1,343806963"
Bhoutan,BTN,"73,91801282"
Botswana,BWA,"11,08725833"
République centrafricaine,CAF,"554,530675"
Canada,CAN,"1,253876902"
Europe centrale et les pays baltes,CEB,
Suisse,CHE,"0,9138458333"
Îles Anglo-Normandes,CHI,
Chili,CHL,"758,9553787"
Chine,CHN,"6,44897518"
Côte d'Ivoire,CIV,"554,530675"
Cameroun,CMR,"554,530675"
"Congo, République démocratique du",COD,"1989,391471"
"Congo, République du",COG,"554,530675"
Colombie,COL,"3744,244167"
Comores,COM,"415,9558491"
Cabo Verde,CPV,"93,21809241"
Costa Rica,CRI,"620,78472"
Petits états des Caraïbes,CSS,
Cuba,CUB,
Curacao,CUW,"1,79"
Îles Caïmans,CYM,"0,83333"
Chypre,CYP,
République tchèque,CZE,"21,67816667"
Allemagne,DEU,
Djibouti,DJI,"177,721"
Dominique,DMA,"2,7"
Danemark,DNK,"6,287113083"
République dominicaine,DOM,"57,22111667"
Algérie,DZA,"135,0640583"
Asie de l’Est et Pacifique (hors revenu élevé),EAP,
de dividende précoce démographique,EAR,
Asie de l’Est et Pacifique,EAS,
Europe et Asie centrale (hors revenu élevé),ECA,
Europe et Asie centrale,ECS,
Équateur,ECU,1
"Égypte, République arabe d’",EGY,"15,64452728"
Zone euro,EMU,"0,8454941389"
Érythrée,ERI,"15,075"
Espagne,ESP,
Estonie,EST,
Éthiopie,ETH,"43,73377832"
Union européenne,EUU,
Fragile et les situations de conflit touchées,FCS,
Finlande,FIN,
Fidji,FJI,"2,070633333"
France,FRA,
Îles Féroé,FRO,
"Micronésie, États fédérés de",FSM,1
Gabon,GAB,"554,530675"
Royaume-Uni,GBR,"0,7270649447"
Géorgie,GEO,"3,221558333"
Ghana,GHA,"5,8057"
Gibraltar,GIB,"0,7270649447"
Guinée,GIN,
Gambie,GMB,"51,48444388"
Guinée-Bissau,GNB,"554,530675"
Guinée équatoriale,GNQ,"554,530675"
Grèce,GRC,
Grenade,GRD,"2,7"
Groenland,GRL,
Guatemala,GTM,"7,734388333"
Guam,GUM,
Guyana,GUY,"208,5"
Revenu élevé,HIC,
"Chine, RAS de Hong Kong",HKG,"7,77325"
Honduras,HND,"24,01665532"
Pays pauvres très endettés (PPTE),HPC,
Croatie,HRV,"6,360083167"
Haïti,HTI,"89,22663651"
Hongrie,HUN,"303,1408333"
BIRD seulement,IBD,
BIRD et IDA,IBT,
IDA totale,IDA,
IDA mélange,IDB,
Indonésie,IDN,"14308,1439"
IDA seulement,IDX,
Île de Man,IMN,"0,7270649447"
Inde,IND,"73,91801282"
Non classifié,INX,
Irlande,IRL,
"Iran, République islamique d’",IRN,42000
Iraq,IRQ,1450
Islande,ISL,"126,9888602"
Israël,ISR,"3,230198323"
Italie,ITA,
Jamaïque,JAM,"150,7901059"
Jordanie,JOR,"0,71"
Japon,JPN,"109,7543238"
Kazakhstan,KAZ,"425,9075"
Kenya,KEN,"109,6377466"
République kirghize,KGZ,"84,64082201"
Cambodge,KHM,"4098,722795"
Kiribati,KIR,"1,33122426"
Saint-Kitts-et-Nevis,KNA,"2,7"
"Corée, République de",KOR,"1143,951667"
Koweït,KWT,"0,3016431108"
Amérique latine et Caraïbes (hors revenu élevé),LAC,
République démocratique populaire lao,LAO,"9697,915789"
Liban,LBN,"1507,5"
Libéria,LBR,"166,1537008"
Libye,LBY,"4,514425"
Sainte-Lucie,LCA,"2,7"
Amérique latine et Caraïbes,LCN,
Pays les moins avancés: classement de l’ONU,LDC,
Faible revenu,LIC,
Liechtenstein,LIE,
Sri Lanka,LKA,"198,7643168"
"Revenu intermédiaire, tranche inférieure",LMC,
Revenu faible et intermédiaire,LMY,
Lesotho,LSO,"14,77867821"
de dividende tardif démographique,LTE,
Lituanie,LTU,
Luxembourg,LUX,
Lettonie,LVA,
"Région administrative spéciale de Macao, Chine",MAC,"8,00553175"
Saint-Martin (fr),MAF,
Maroc,MAR,"8,988484024"
Monaco,MCO,
Moldova,MDA,"17,68046614"
Madagascar,MDG,"3829,977849"
Maldives,MDV,"15,37269841"
Afrique du Nord et Moyen-Orient,MEA,
Mexique,MEX,"20,27240833"
Îles Marshall,MHL,
Revenu intermédiaire,MIC,
Macédoine du Nord,MKD,"52,10215833"
Mali,MLI,"554,530675"
Malte,MLT,
Myanmar,MMR,
Afrique du Nord et Moyen-Orient (hors revenu élevé),MNA,
Monténégro,MNE,"0,8453765644"
Mongolie,MNG,"2849,288615"
Mariannes,MNP,
Mozambique,MOZ,"65,465"
Mauritanie,MRT,"36,06333333"
Maurice,MUS,"41,69213333"
Malawi,MWI,
Malaisie,MYS,"4,143297598"
Amérique du Nord,NAC,
Namibie,NAM,"14,778675"
Nouvelle-Calédonie,NCL,"100,8802226"
Niger,NER,"554,530675"
Nigéria,NGA,"401,1520292"
Nicaragua,NIC,"35,17101667"
Pays-Bas,NLD,
Norvège,NOR,"8,59"
Népal,NPL,"118,1340816"
Nauru,NRU,"1,33122426"
Nouvelle-Zélande,NZL,"1,4138"
Pays membres de l'OCDE,OED,
Oman,OMN,"0,3845"
Autres petits états,OSS,
Pakistan,PAK,"162,9062537"
Panama,PAN,1
Pérou,PER,"3,880554131"
Philippines,PHL,"49,25459773"
Palaos,PLW,1
Papouasie-Nouvelle-Guinée,PNG,"3,50877193"
Pologne,POL,"3,861916667"
de Pré-dividende démographique,PRE,
Porto Rico,PRI,
"Corée, République démocratique de",PRK,
Portugal,PRT,
Paraguay,PRY,"6774,162735"
Cisjordanie et Gaza,PSE,
Petits états insulaires du Pacifique,PSS,
de Post-dividende démographique,PST,
Polynésie française,PYF,"100,8802226"
Qatar,QAT,"3,64"
Roumanie,ROU,"4,160416667"
Fédération de Russie,RUS,"73,65435"
Rwanda,RWA,"988,6248066"
Asie du Sud,SAS,
Arabie saoudite,SAU,"3,75"
Soudan,SDN,"370,7905833"
Sénégal,SEN,"554,530675"
Singapour,SGP,"1,343483333"
Îles Salomon,SLB,"8,030102991"
Sierra Leone,SLE,"10,43942532"
El Salvador,SLV,1
Saint-Marin,SMR,"0,8453765644"
Somalie,SOM,
Serbie,SRB,"99,39594167"
Afrique subsaharienne (hors revenu élevé),SSA,
Soudan du Sud,SSD,"306,3546199"
Afrique subsaharienne,SSF,
Petits états,SST,
Sao Tomé-et-Principe,STP,"20,71040152"
Suriname,SUR,"18,23866667"
République slovaque,SVK,
Slovénie,SVN,
Suède,SWE,"8,576566716"
Eswatini,SWZ,"14,78343514"
Sint Maarten (Dutch part),SXM,"1,79"
Seychelles,SYC,"16,92052257"
République arabe syrienne,SYR,1256
Îles Turques-et-Caïques,TCA,
Tchad,TCD,"554,530675"
Asie de l’Est et Pacifique (BIRD et IDA),TEA,
Europe et Asie centrale (BIRD et IDA),TEC,
Togo,TGO,"554,530675"
Thaïlande,THA,"31,97709344"
Tadjikistan,TJK,"11,30885"
Turkménistan,TKM,
Amérique latine et Caraïbes (BIRD et IDA),TLA,
Timor-Leste,TLS,1
Afrique du Nord et Moyen-Orient (BIRD et IDA),TMN,
Tonga,TON,"2,264959601"
Asie du Sud (BIRD et IDA),TSA,
Afrique subsaharienne (BIRD et IDA),TSS,
Trinité-et-Tobago,TTO,"6,758530049"
Tunisie,TUN,"2,794466667"
Turquie,TUR,"8,850407549"
Tuvalu,TUV,
Tanzanie,TZA,"2297,764226"
Ouganda,UGA,"3587,051707"
Ukraine,UKR,"27,28618938"
"Revenu intermédiaire, tranche supérieure",UMC,
Uruguay,URY,"43,554575"
États-Unis,USA,1
Ouzbékistan,UZB,"10609,46439"
Saint-Vincent-et-les Grenadines,VCT,"2,7"
Venezuela,VEN,
Îles Vierges britanniques,VGB,
Îles Vierges (EU),VIR,
Viet Nam,VNM,"23159,78259"
Vanuatu,VUT,"109,4525"
Monde,WLD,
Samoa,WSM,"2,556092342"
Kosovo,XKX,"0,8453765644"
"Yémen, Rép. du",YEM,"1028,107754"
Afrique du Sud,ZAF,"14,77867821"
Zambie,ZMB,"20,01848659"
Zimbabwe,ZWE,"88,55244726"